Name,Full Path,Size,Creation Date,Modification Date
.file,/.file,0,2020-01-01 11:00:00,2020-01-01 11:00:00
.VolumeIcon.icns,/.VolumeIcon.icns,0,2020-01-01 11:00:00,2020-01-01 11:00:00
X11,/usr/X11,0,2020-01-01 11:00:00,2020-01-01 11:00:00
X11R6,/usr/X11R6,0,2020-01-01 11:00:00,2020-01-01 11:00:00
ptargrep5.30,/usr/bin/ptargrep5.30,4427,2020-01-01 11:00:00,2020-01-01 11:00:00
uux,/usr/bin/uux,261024,2020-01-01 11:00:00,2020-01-01 11:00:00
cpan,/usr/bin/cpan,811,2020-01-01 11:00:00,2020-01-01 11:00:00
BuildStrings,/usr/bin/BuildStrings,137552,2020-01-01 11:00:00,2020-01-01 11:00:00
loads.d,/usr/bin/loads.d,1936,2020-01-01 11:00:00,2020-01-01 11:00:00
htmltree5.30,/usr/bin/htmltree5.30,1262,2020-01-01 11:00:00,2020-01-01 11:00:00
write,/usr/bin/write,122224,2020-01-01 11:00:00,2020-01-01 11:00:00
lwp-mirror5.30,/usr/bin/lwp-mirror5.30,2417,2020-01-01 11:00:00,2020-01-01 11:00:00
indent,/usr/bin/indent,137552,2020-01-01 11:00:00,2020-01-01 11:00:00
bzip2recover,/usr/bin/bzip2recover,121232,2020-01-01 11:00:00,2020-01-01 11:00:00
hdiutil,/usr/bin/hdiutil,684048,2020-01-01 11:00:00,2020-01-01 11:00:00
top,/usr/bin/top,243632,2020-01-01 11:00:00,2020-01-01 11:00:00
javah,/usr/bin/javah,138896,2020-01-01 11:00:00,2020-01-01 11:00:00
tee,/usr/bin/tee,120944,2020-01-01 11:00:00,2020-01-01 11:00:00
tidy_changelog,/usr/bin/tidy_changelog,811,2020-01-01 11:00:00,2020-01-01 11:00:00
binhex5.18.pl,/usr/bin/binhex5.18.pl,3941,2020-01-01 11:00:00,2020-01-01 11:00:00
xip,/usr/bin/xip,139568,2020-01-01 11:00:00,2020-01-01 11:00:00
yapp,/usr/bin/yapp,811,2020-01-01 11:00:00,2020-01-01 11:00:00
wsimport,/usr/bin/wsimport,138896,2020-01-01 11:00:00,2020-01-01 11:00:00
bzfgrep,/usr/bin/bzfgrep,140304,2020-01-01 11:00:00,2020-01-01 11:00:00
qlmanage,/usr/bin/qlmanage,460912,2020-01-01 11:00:00,2020-01-01 11:00:00
snmptranslate,/usr/bin/snmptranslate,123456,2020-01-01 11:00:00,2020-01-01 11:00:00
split,/usr/bin/split,154512,2020-01-01 11:00:00,2020-01-01 11:00:00
chsh,/usr/bin/chsh,143376,2020-01-01 11:00:00,2020-01-01 11:00:00
stty.pl,/usr/bin/stty.pl,811,2020-01-01 11:00:00,2020-01-01 11:00:00
xml2man,/usr/bin/xml2man,137552,2020-01-01 11:00:00,2020-01-01 11:00:00
pl2pm5.30,/usr/bin/pl2pm5.30,4568,2020-01-01 11:00:00,2020-01-01 11:00:00
iprofiler,/usr/bin/iprofiler,137504,2020-01-01 11:00:00,2020-01-01 11:00:00
man,/usr/bin/man,209552,2020-01-01 11:00:00,2020-01-01 11:00:00
lpoptions,/usr/bin/lpoptions,106336,2020-01-01 11:00:00,2020-01-01 11:00:00
tabs,/usr/bin/tabs,121104,2020-01-01 11:00:00,2020-01-01 11:00:00
smtpd2.7.py,/usr/bin/smtpd2.7.py,18681,2020-01-01 11:00:00,2020-01-01 11:00:00
rview,/usr/bin/rview,4548272,2020-01-01 11:00:00,2020-01-01 11:00:00
lsvfs,/usr/bin/lsvfs,120896,2020-01-01 11:00:00,2020-01-01 11:00:00
zgrep,/usr/bin/zgrep,140304,2020-01-01 11:00:00,2020-01-01 11:00:00
dbiprof,/usr/bin/dbiprof,811,2020-01-01 11:00:00,2020-01-01 11:00:00
zmore,/usr/bin/zmore,2080,2020-01-01 11:00:00,2020-01-01 11:00:00
corelist5.28,/usr/bin/corelist5.28,15123,2020-01-01 11:00:00,2020-01-01 11:00:00
cpanp-run-perl,/usr/bin/cpanp-run-perl,545,2020-01-01 11:00:00,2020-01-01 11:00:00
pod2usage5.30,/usr/bin/pod2usage5.30,3983,2020-01-01 11:00:00,2020-01-01 11:00:00
gcov,/usr/bin/gcov,137552,2020-01-01 11:00:00,2020-01-01 11:00:00
package-stash-conflicts5.30,/usr/bin/package-stash-conflicts5.30,1055,2020-01-01 11:00:00,2020-01-01 11:00:00
iptab5.28,/usr/bin/iptab5.28,901,2020-01-01 11:00:00,2020-01-01 11:00:00
dbiprof5.30,/usr/bin/dbiprof5.30,6210,2020-01-01 11:00:00,2020-01-01 11:00:00
